{
  "run_root": "/root/oskernel-eval-runs/g007-official-local-20260619-110459",
  "score_float": 1419.727675405803,
  "score_int": 1419,
  "nonzero_rank_entries": {
    "basic-glibc-rv": 101.0,
    "basic-musl-rv": 101.0,
    "busybox-glibc-rv": 53.0,
    "busybox-musl-rv": 53.0,
    "cyclictest-glibc-rv": 4.0,
    "cyclictest-musl-rv": 3.0,
    "iozone-glibc-rv": 25.7867376869493,
    "iozone-musl-rv": 24.885347763216288,
    "libcbench-glibc-rv": 29.54333592599454,
    "libcbench-musl-rv": 27.461324087097864,
    "libctest-musl-rv": 215.0,
    "lmbench-glibc-rv": 41.2986509584364,
    "lmbench-musl-rv": 41.37115397387201,
    "ltp-glibc-rv": 4104.0,
    "ltp-musl-rv": 4101.0,
    "lua-glibc-rv": 9.0,
    "lua-musl-rv": 9.0,
    "netperf-glibc-rv": 5.0,
    "netperf-musl-rv": 5.0,
    "rank": 1419.727675405803
  }
}